Region,State,County
Care Connections of Northern Iowa,Iowa,Osceola
Care Connections of Northern Iowa,Iowa,Clay
Care Connections of Northern Iowa,Iowa,Palo Alto
Care Connections of Northern Iowa,Iowa,Kossuth
Care Connections of Northern Iowa,Iowa,Winnebago
Care Connections of Northern Iowa,Iowa,Worth
Central Iowa Community Services,Iowa,Madison
Central Iowa Community Services,Iowa,Warren
Central Iowa Community Services,Iowa,Jasper
Central Iowa Community Services,Iowa,Poweshiek
Central Iowa Community Services,Iowa,Marshall
Central Iowa Community Services,Iowa,Story
Central Iowa Community Services,Iowa,Boone
Central Iowa Community Services,Iowa,Greene
Central Iowa Community Services,Iowa,Webster
Central Iowa Community Services,Iowa,Hamilton
Central Iowa Community Services,Iowa,Hardin
Central Iowa Community Services,Iowa,Franklin
Central Iowa Community Services,Iowa,Wright
Central Iowa Community Services,Iowa,Hancock
Central Iowa Community Services,Iowa,Cerro Gordo
County Social Services,Iowa,Mitchell
County Social Services,Iowa,Howard
County Social Services,Iowa,Winneshiek
County Social Services,Iowa,Allamakee
County Social Services,Iowa,Floyd
County Social Services,Iowa,Chickasaw
County Social Services,Iowa,Fayette
County Social Services,Iowa,Clayton
County Social Services,Iowa,Butler
County Social Services,Iowa,Grundy
County Social Services,Iowa,Black Hawk
County Social Services,Iowa,Tama
Cross Rural Offices of Social Services,Iowa,Marion
Cross Rural Offices of Social Services,Iowa,Clarke
Cross Rural Offices of Social Services,Iowa,Lucas
Cross Rural Offices of Social Services,Iowa,Monroe
Cross Rural Offices of Social Services,Iowa,Ringgold
Cross Rural Offices of Social Services,Iowa,Decatur
Cross Rural Offices of Social Services,Iowa,Wayne
Eastern Iowa MHDS,Iowa,Jackson
Eastern Iowa MHDS,Iowa,Clinton
Eastern Iowa MHDS,Iowa,Cedar
Eastern Iowa MHDS,Iowa,Scott
Eastern Iowa MHDS,Iowa,Muscatine
Heart of Iowa Community Services,Iowa,Audubon
Heart of Iowa Community Services,Iowa,Guthrie
Heart of Iowa Community Services,Iowa,Dallas
MHDS of East Central Region,Iowa,Bremer
MHDS of East Central Region,Iowa,Buchanan
MHDS of East Central Region,Iowa,Delaware
MHDS of East Central Region,Iowa,Dubuque
MHDS of East Central Region,Iowa,Benton
MHDS of East Central Region,Iowa,Linn
MHDS of East Central Region,Iowa,Jones
MHDS of East Central Region,Iowa,Iowa
MHDS of East Central Region,Iowa,Johnson
Polk County,Iowa,Polk
Rolling Hills Community Services,Iowa,Cherokee
Rolling Hills Community Services,Iowa,Buena Vista
Rolling Hills Community Services,Iowa,Pocahontas
Rolling Hills Community Services,Iowa,Humboldt
Rolling Hills Community Services,Iowa,Woodbury
Rolling Hills Community Services,Iowa,Ida
Rolling Hills Community Services,Iowa,Sac
Rolling Hills Community Services,Iowa,Calhoun
Rolling Hills Community Services,Iowa,Crawford
Rolling Hills Community Services,Iowa,Carroll
Sioux Rivers Regional MHDS,Iowa,Lyon
Sioux Rivers Regional MHDS,Iowa,Dickinson
Sioux Rivers Regional MHDS,Iowa,Emmet
Sioux Rivers Regional MHDS,Iowa,Sioux
Sioux Rivers Regional MHDS,Iowa,O'Brien
Sioux Rivers Regional MHDS,Iowa,Plymouth
South Central Behavioral Health Region,Iowa,Mahaska
South Central Behavioral Health Region,Iowa,Wapello
South Central Behavioral Health Region,Iowa,Appanoose
South Central Behavioral Health Region,Iowa,Davis
Southeast Iowa Link,Iowa,Keokuk
Southeast Iowa Link,Iowa,Washington
Southeast Iowa Link,Iowa,Louisa
Southeast Iowa Link,Iowa,Jefferson
Southeast Iowa Link,Iowa,Henry
Southeast Iowa Link,Iowa,Des Moines
Southeast Iowa Link,Iowa,Van Buren
Southeast Iowa Link,Iowa,Lee
Southern Hills Regional Mental Health,Iowa,Adair
Southern Hills Regional Mental Health,Iowa,Adams
Southern Hills Regional Mental Health,Iowa,Union
Southern Hills Regional Mental Health,Iowa,Taylor
Southwest Iowa MHDS,Iowa,Monona
Southwest Iowa MHDS,Iowa,Harrison
Southwest Iowa MHDS,Iowa,Shelby
Southwest Iowa MHDS,Iowa,Pottawattamie
Southwest Iowa MHDS,Iowa,Cass
Southwest Iowa MHDS,Iowa,Mills
Southwest Iowa MHDS,Iowa,Montgomery
Southwest Iowa MHDS,Iowa,Fremont
Southwest Iowa MHDS,Iowa,Page
